ts,method,route,status,latency_ms,in_bytes,out_bytes
1766105546,GET,/api/health,200,2.68,0,31
1766105558,POST,/api/auth/login,200,24.28,62,409
1766105558,GET,/api/health,200,0.56,0,31
1766105558,GET,/api/health,200,0.38,0,31
1766105558,GET,/api/workspace/,200,6.56,0,14191
1766105558,GET,/api/auth/me,200,7.4,0,155
1766105558,GET,/api/health,200,0.54,0,31
1766105558,GET,/api/note_prompts,200,2.1,0,9005
1766105558,GET,/api/workspace/,200,1.62,0,14191
1766105560,PUT,/api/workspace/,200,7.16,14149,14191
1766105563,POST,/api/generate_stream,200,5.25,10236,0
1766105564,PUT,/api/workspace/,200,5.04,10158,10200
1766105569,GET,/api/health,200,0.85,0,31
1766105569,PUT,/api/workspace/,200,5.87,10266,10308
1766105571,GET,/api/generation/29947ec7927043649c9968d8dc5fa4ed/consult_comment,200,1.38,0,20
1766105574,GET,/api/generation/29947ec7927043649c9968d8dc5fa4ed/consult_comment,200,1.19,0,131
1766105575,GET,/api/health,200,0.62,0,31
1766105576,GET,/api/health,200,0.57,0,31
1766105589,POST,/api/transcribe_diarized,200,4514.37,28608,23
1766105590,PUT,/api/workspace/,200,5.74,10291,10333
1766105600,PUT,/api/workspace/,200,4.83,10295,10337
1766105601,PUT,/api/workspace/,200,5.29,10291,10333
1766105606,GET,/api/health,200,0.47,0,31
1766105606,GET,/api/health,200,0.41,0,31
1766105607,POST,/api/ocr,200,1674.45,85149,465
1766105609,PUT,/api/workspace/,200,8.26,10727,10769
1766105625,PUT,/api/workspace/,200,3.98,10727,10769
1766106867,GET,/api/health,200,2.08,0,31
1766106880,POST,/api/auth/login,200,28.47,62,409
1766106880,GET,/api/health,200,0.7,0,31
1766106880,GET,/api/health,200,0.65,0,31
1766106880,GET,/api/workspace/,200,7.14,0,10769
1766106880,GET,/api/auth/me,200,7.46,0,155
1766106881,GET,/api/health,200,0.64,0,31
1766106881,GET,/api/note_prompts,200,2.45,0,9005
1766106881,GET,/api/workspace/,200,1.99,0,10769
1766106882,PUT,/api/workspace/,200,8.85,10727,10769
1766106887,POST,/api/generate_stream,200,7.9,10697,0
1766106888,PUT,/api/workspace/,200,7.28,10619,10661
1766106896,GET,/api/health,200,0.66,0,31
1766106896,PUT,/api/workspace/,200,5.17,14363,14405
1766106897,GET,/api/health,200,0.64,0,31
1766106897,GET,/api/health,200,0.64,0,31
1766106898,GET,/api/generation/76707c73dd5346caaa1f7ac270c92392/consult_comment,200,2.43,0,2463
1766106915,PUT,/api/workspace/,200,6.72,14363,14405
1766106927,GET,/api/health,200,0.57,0,31
1766106928,GET,/api/health,200,0.57,0,31
1766106957,GET,/api/health,200,0.63,0,32
1766106958,GET,/api/health,200,0.63,0,32
1766106987,GET,/api/health,200,0.58,0,32
1766106988,GET,/api/health,200,0.64,0,32
1766107017,GET,/api/health,200,0.64,0,32
1766107018,GET,/api/health,200,0.64,0,32
1766107047,GET,/api/health,200,0.63,0,32
1766107106,GET,/api/health,200,0.44,0,32
1766107106,GET,/api/health,200,0.55,0,32
1766107166,GET,/api/health,200,0.63,0,32
1766107166,GET,/api/health,200,0.62,0,32
1766107226,GET,/api/health,200,1.79,0,32
1766107226,GET,/api/health,200,2.57,0,32
1766107286,GET,/api/health,200,0.72,0,32
1766107286,GET,/api/health,200,0.58,0,32
1766107346,GET,/api/health,200,0.62,0,32
1766107346,GET,/api/health,200,0.56,0,32
1766107406,GET,/api/health,200,1.77,0,32
1766107406,GET,/api/health,200,2.66,0,32
1766107466,GET,/api/health,200,0.7,0,32
1766107466,GET,/api/health,200,0.55,0,32
1766107526,GET,/api/health,200,1.88,0,32
1766107526,GET,/api/health,200,2.92,0,32
1766107586,GET,/api/health,200,0.73,0,32
1766107586,GET,/api/health,200,0.58,0,32
1766107646,GET,/api/health,200,0.66,0,32
1766107646,GET,/api/health,200,0.84,0,32
1766107706,GET,/api/health,200,0.59,0,32
1766107706,GET,/api/health,200,0.62,0,32
1766107766,GET,/api/health,200,0.65,0,32
1766107766,GET,/api/health,200,0.4,0,32
1766107826,GET,/api/health,200,1.93,0,32
1766107826,GET,/api/health,200,2.68,0,32
1766107886,GET,/api/health,200,0.74,0,33
1766107886,GET,/api/health,200,0.54,0,33
1766107946,GET,/api/health,200,1.68,0,33
1766107946,GET,/api/health,200,2.66,0,33
1766108006,GET,/api/health,200,0.68,0,33
1766108006,GET,/api/health,200,0.61,0,33
1766108066,GET,/api/health,200,0.61,0,33
1766108066,GET,/api/health,200,0.62,0,33
1766108126,GET,/api/health,200,0.81,0,33
1766108126,GET,/api/health,200,0.62,0,33
1766108186,GET,/api/health,200,2.51,0,33
1766108186,GET,/api/health,200,3.79,0,33
1766108246,GET,/api/health,200,0.72,0,33
1766108246,GET,/api/health,200,0.57,0,33
1766108306,GET,/api/health,200,2.12,0,33
1766108306,GET,/api/health,200,3.23,0,33
1766108366,GET,/api/health,200,0.86,0,33
1766108366,GET,/api/health,200,0.73,0,33
1766108427,GET,/api/health,200,0.61,0,33
1766108427,GET,/api/health,200,0.58,0,33
1766108486,GET,/api/health,200,2.09,0,33
1766108486,GET,/api/health,200,2.75,0,33
1766108546,GET,/api/health,200,0.75,0,33
1766108546,GET,/api/health,200,0.58,0,33
1766108606,GET,/api/health,200,0.62,0,33
1766108606,GET,/api/health,200,0.64,0,33
1766108666,GET,/api/health,200,0.63,0,33
1766108666,GET,/api/health,200,0.61,0,33
1766108726,GET,/api/health,200,0.79,0,33
1766108726,GET,/api/health,200,0.7,0,33
1766108786,GET,/api/health,200,0.6,0,33
1766108786,GET,/api/health,200,0.6,0,33
1766108846,GET,/api/health,200,0.62,0,33
1766108846,GET,/api/health,200,0.56,0,33
1766108906,GET,/api/health,200,0.65,0,33
1766108906,GET,/api/health,200,0.58,0,33
1766108966,GET,/api/health,200,0.61,0,33
1766108966,GET,/api/health,200,0.57,0,33
1766109026,GET,/api/health,200,0.94,0,33
1766109026,GET,/api/health,200,0.73,0,33
1766109086,GET,/api/health,200,0.46,0,33
1766109086,GET,/api/health,200,0.4,0,33
1766109146,GET,/api/health,200,0.69,0,33
1766109146,GET,/api/health,200,0.57,0,33
1766109206,GET,/api/health,200,2.1,0,33
1766109206,GET,/api/health,200,2.92,0,33
1766109266,GET,/api/health,200,1.79,0,33
1766109266,GET,/api/health,200,2.91,0,33
1766109326,GET,/api/health,200,0.68,0,33
1766109326,GET,/api/health,200,0.54,0,33
1766109386,GET,/api/health,200,0.6,0,33
1766109386,GET,/api/health,200,0.56,0,33
1766109446,GET,/api/health,200,0.65,0,33
1766109446,GET,/api/health,200,0.55,0,33
1766109506,GET,/api/health,200,0.78,0,33
1766109506,GET,/api/health,200,0.51,0,33
1766109566,GET,/api/health,200,0.84,0,33
1766109566,GET,/api/health,200,0.45,0,33
1766109626,GET,/api/health,200,0.62,0,33
1766109626,GET,/api/health,200,0.59,0,33
1766109686,GET,/api/health,200,0.64,0,33
1766109686,GET,/api/health,200,0.55,0,33
1766109746,GET,/api/health,200,0.85,0,33
1766109746,GET,/api/health,200,0.61,0,33
1766110046,GET,/api/health,200,2.22,0,31
1766110046,GET,/api/health,200,0.68,0,31
1766110106,GET,/api/health,200,0.66,0,31
1766110106,GET,/api/health,200,0.66,0,31
1766110166,GET,/api/health,200,2.78,0,30
1766110166,GET,/api/health,200,3.57,0,30
1766110226,GET,/api/health,200,0.79,0,31
1766110226,GET,/api/health,200,0.57,0,31
1766110286,GET,/api/health,200,0.79,0,32
1766110286,GET,/api/health,200,0.87,0,32
1766110346,GET,/api/health,200,0.48,0,32
1766110346,GET,/api/health,200,0.46,0,32
1766110406,GET,/api/health,200,0.49,0,32
1766110406,GET,/api/health,200,0.42,0,32
1766111426,GET,/api/health,200,1.76,0,31
1766111486,GET,/api/health,200,1.02,0,31
1766111546,GET,/api/health,200,0.68,0,32
1766116810,GET,/api/health,200,2.17,0,31
1766116820,POST,/api/auth/login,200,25.65,62,409
1766116821,GET,/api/health,200,0.92,0,31
1766116821,GET,/api/health,200,2.59,0,31
1766116821,GET,/api/workspace/,200,7.48,0,14405
1766116821,GET,/api/auth/me,200,4.43,0,155
1766116821,GET,/api/health,200,0.79,0,31
1766116821,GET,/api/note_prompts,200,3.08,0,8990
1766116821,GET,/api/workspace/,200,5.53,0,14405
1766116823,PUT,/api/workspace/,200,9.14,14363,14405
1766116829,POST,/api/generate_stream,200,7.76,10697,0
1766116830,PUT,/api/workspace/,200,5.16,10619,10661
1766116839,GET,/api/health,200,0.97,0,31
1766116839,PUT,/api/workspace/,200,6.19,15169,15211
1766116840,GET,/api/health,200,0.66,0,31
1766116841,GET,/api/health,200,0.57,0,31
1766116841,GET,/api/generation/d95ce42935ce4e7b81c11b191e3b067c/consult_comment,200,2.18,0,20
1766116844,GET,/api/generation/d95ce42935ce4e7b81c11b191e3b067c/consult_comment,200,1.45,0,20
1766116847,GET,/api/generation/d95ce42935ce4e7b81c11b191e3b067c/consult_comment,200,1.45,0,4043
1766116871,GET,/api/health,200,0.69,0,31
1766116871,GET,/api/health,200,0.65,0,31
1766116900,GET,/api/health,200,0.54,0,32
1766116901,GET,/api/health,200,0.54,0,32
1766116930,GET,/api/health,200,0.52,0,32
1766116931,GET,/api/health,200,0.54,0,32
1766116948,PUT,/api/workspace/,200,6.09,15169,15211
1766116961,GET,/api/health,200,0.51,0,32
1766116961,GET,/api/health,200,0.53,0,32
1766116990,GET,/api/health,200,0.67,0,32
1766116991,GET,/api/health,200,0.69,0,32
1766116997,PUT,/api/workspace/,200,6.28,15169,15211
1766117013,POST,/api/workspace/,405,0.3,15169,31
1766117015,PUT,/api/workspace/,200,6.86,15169,15211
1766117015,GET,/api/note_prompts,200,2.02,0,8990
1766117015,GET,/api/health,200,2.73,0,32
1766117015,GET,/api/auth/me,200,1.62,0,155
1766117016,GET,/api/workspace/,200,2.29,0,15211
1766117016,GET,/api/health,200,0.53,0,32
1766117017,PUT,/api/workspace/,200,6.26,15169,15211
1766117039,POST,/api/transcribe_diarized,200,6138.28,32472,19
1766117041,PUT,/api/workspace/,200,7.06,15190,15232
1766117046,GET,/api/health,200,0.65,0,32
1766117046,GET,/api/health,200,0.61,0,32
1766117076,GET,/api/health,200,0.65,0,32
1766117076,GET,/api/health,200,0.57,0,32
1766117081,PUT,/api/workspace/,200,7.1,15190,15232
1766117106,GET,/api/health,200,0.54,0,32
1766117106,GET,/api/health,200,0.51,0,32
1766117107,POST,/api/workspace/,405,0.29,15190,31
1766117107,PUT,/api/workspace/,200,5.97,15190,15232
1766117107,GET,/api/health,200,0.8,0,32
1766117107,GET,/api/note_prompts,200,1.66,0,8990
1766117107,GET,/api/auth/me,200,1.69,0,155
1766117108,GET,/api/health,200,0.43,0,32
1766117108,GET,/api/workspace/,200,2.59,0,15232
1766117110,PUT,/api/workspace/,200,6.11,15190,15232
1766117115,PUT,/api/workspace/,200,5.8,15190,15232
1766117139,GET,/api/health,200,0.7,0,32
1766117139,GET,/api/health,200,0.47,0,32
1766117149,POST,/api/transcribe_diarized,200,278112.2,207126874,6167
1766117216,POST,/api/workspace/,405,0.35,15190,31
1766117216,PUT,/api/workspace/,200,14.07,15190,15232
1766117216,GET,/api/health,200,1.16,0,31
1766117216,GET,/api/auth/me,200,9.28,0,155
1766117216,GET,/api/note_prompts,200,9.61,0,8990
1766117217,GET,/api/workspace/,200,2.82,0,15232
1766117217,GET,/api/health,200,0.62,0,31
1766117218,PUT,/api/workspace/,200,6.95,15190,15232
1766117228,POST,/api/transcribe_diarized,200,3925.16,25710,19
1766117230,PUT,/api/workspace/,200,7.0,15211,15253
1766117247,GET,/api/health,200,0.51,0,31
1766117247,GET,/api/health,200,0.53,0,31
1766117277,GET,/api/health,200,0.53,0,31
1766117277,GET,/api/health,200,1.54,0,31
1766117307,GET,/api/health,200,0.73,0,32
1766117307,GET,/api/health,200,1.56,0,32
1766117337,GET,/api/health,200,0.5,0,32
1766117337,GET,/api/health,200,0.53,0,32
1766117345,PUT,/api/workspace/,200,6.11,15211,15253
1766117368,GET,/api/health,200,0.6,0,32
1766117368,GET,/api/health,200,0.5,0,32
1766117397,GET,/api/health,200,0.56,0,32
1766117397,GET,/api/health,200,0.57,0,32
1766117399,PUT,/api/workspace/,200,5.83,15211,15253
1766117428,GET,/api/health,200,0.78,0,32
1766117428,GET,/api/health,200,0.49,0,32
1766117458,GET,/api/health,200,0.64,0,32
1766117458,GET,/api/health,200,0.56,0,32
1766117478,PUT,/api/workspace/,200,7.43,15211,15253
1766117487,GET,/api/health,200,0.61,0,32
1766117487,GET,/api/health,200,1.85,0,32
1766117506,PUT,/api/workspace/,200,90.96,15211,15253
1766117506,POST,/api/transcribe_diarized,200,267252.47,207126874,5993
1766117509,PUT,/api/workspace/,200,14.48,21261,21303
1766117517,GET,/api/health,200,0.64,0,32
1766117517,GET,/api/health,200,0.59,0,32
1766117547,GET,/api/health,200,0.61,0,32
1766117547,GET,/api/health,200,0.6,0,32
1766117577,GET,/api/health,200,0.65,0,32
1766117577,GET,/api/health,200,0.58,0,32
1766117607,GET,/api/health,200,0.68,0,32
1766117607,GET,/api/health,200,0.62,0,32
1766117637,GET,/api/health,200,0.74,0,32
1766117637,GET,/api/health,200,0.84,0,32
1766117639,POST,/api/ocr,200,2947.81,252161,674
1766117641,PUT,/api/workspace/,200,20.19,21900,21942
1766117658,PUT,/api/workspace/,200,19.56,21900,21942
1766117667,GET,/api/health,200,0.76,0,32
1766117667,GET,/api/health,200,0.7,0,32
1766708316,GET,/api/health,200,11.83,0,31
1766708328,POST,/api/auth/login,200,40.96,62,409
1766708328,GET,/api/health,200,2.42,0,31
1766708328,GET,/api/health,200,2.73,0,31
1766708328,GET,/api/workspace/,200,14.74,0,21942
1766708328,GET,/api/auth/me,200,2.77,0,155
1766708328,GET,/api/health,200,0.66,0,31
1766708328,GET,/api/workspace/,200,2.1,0,21942
1766708328,GET,/api/note_prompts,200,2.45,0,9547
1766708330,PUT,/api/workspace/,200,16.99,21900,21942
1766708332,PUT,/api/workspace/,200,8.41,21900,21942
1766708333,POST,/api/workspace/clear,200,6.76,0,150
1766708335,PUT,/api/workspace/,200,5.85,366,408
1766708346,GET,/api/health,200,0.72,0,31
1766708346,GET,/api/health,200,0.61,0,31
1766708376,GET,/api/health,200,0.59,0,31
1766708376,GET,/api/health,200,0.62,0,31
1766708406,GET,/api/health,200,0.88,0,32
1766708406,GET,/api/health,200,0.61,0,32
1766708436,GET,/api/health,200,0.65,0,32
1766708436,GET,/api/health,200,0.57,0,32
1766708466,GET,/api/health,200,0.61,0,32
1766708466,GET,/api/health,200,0.61,0,32
1766708496,GET,/api/health,200,0.63,0,32
1766708496,GET,/api/health,200,0.65,0,32
1766708496,POST,/api/transcribe_diarized,200,12063.27,1981992,2193
1766708498,PUT,/api/workspace/,200,6.11,2596,2638
1766708520,PUT,/api/workspace/,200,6.14,2607,2649
1766708526,GET,/api/health,200,0.61,0,32
1766708526,GET,/api/health,200,0.6,0,32
1766708527,PUT,/api/workspace/,200,6.19,2634,2676
1766708531,PUT,/api/workspace/,200,6.23,2646,2688
1766708539,POST,/api/generate_stream,200,7.97,2724,0
1766708543,GET,/api/health,200,0.87,0,32
1766708543,PUT,/api/workspace/,200,5.5,3119,3161
1766708545,GET,/api/generation/f5c790a25d974f988abf962282843fe7/consult_comment,200,2.35,0,939
1766708556,GET,/api/health,200,0.68,0,32
1766708556,GET,/api/health,200,0.62,0,32
1766708586,GET,/api/health,200,0.61,0,32
1766708586,GET,/api/health,200,0.62,0,32
1766708588,PUT,/api/workspace/,200,6.06,3121,3163
1766708590,PUT,/api/workspace/,200,6.75,5349,5391
1766708592,POST,/api/generate_stream,200,3.93,4954,0
1766708593,PUT,/api/workspace/,200,7.91,4876,4919
1766708595,GET,/api/health,200,0.61,0,32
1766708596,PUT,/api/workspace/,200,5.95,5099,5141
1766708597,GET,/api/generation/e382bfd083414449bac849c09fa6d68c/consult_comment,200,1.47,0,20
1766708600,GET,/api/generation/e382bfd083414449bac849c09fa6d68c/consult_comment,200,1.47,0,2197
1766708616,GET,/api/health,200,0.61,0,32
1766708616,GET,/api/health,200,0.61,0,32
1766708645,GET,/api/health,200,0.61,0,32
1766708646,GET,/api/health,200,0.64,0,32
1766708653,POST,/api/workspace/,405,0.24,5099,31
1766708655,PUT,/api/workspace/,200,5.68,5099,5141
1766708655,GET,/api/qa_config,200,1.4,0,81
1766708655,GET,/api/auth/me,200,1.86,0,155
1766708655,GET,/api/workspace/,200,2.2,0,5141
1766708665,POST,/api/generate_stream,200,4.03,562,0
1766708680,GET,/api/generation/cfd4c8fe2cab42dfab742f0b352d3dd6/meta,200,1.82,0,20251
1766708758,PUT,/api/workspace/,200,5.78,172,214
1766709072,POST,/api/workspace/,405,0.25,172,31
1766709073,PUT,/api/workspace/,200,5.92,172,214
1766709073,GET,/api/health,200,1.85,0,32
1766709073,GET,/api/note_prompts,200,3.76,0,9547
1766709073,GET,/api/auth/me,200,1.24,0,155
1766709073,GET,/api/workspace/,200,2.22,0,214
1766709073,GET,/api/health,200,0.73,0,32
1766709101,PUT,/api/workspace/,200,6.03,367,409
1766709104,GET,/api/health,200,1.95,0,32
1766709104,GET,/api/health,200,2.42,0,32
1766709109,GET,/api/health,200,0.67,0,32
1766709124,POST,/api/workspace/,405,0.23,367,31
1766709125,PUT,/api/workspace/,200,6.08,367,409
1766710124,GET,/api/health,200,0.67,0,33
1766710140,POST,/api/auth/login,200,20.45,62,409
1766710140,GET,/api/health,200,0.7,0,33
1766710140,GET,/api/health,200,2.03,0,33
1766710140,GET,/api/workspace/,200,4.45,0,409
1766710140,GET,/api/auth/me,200,1.73,0,155
1766710140,GET,/api/health,200,0.73,0,33
1766710141,GET,/api/note_prompts,200,1.74,0,9547
1766710141,GET,/api/workspace/,200,2.0,0,409
1766710142,PUT,/api/workspace/,200,5.76,367,409
1766710154,GET,/api/health,200,0.75,0,33
1766710154,GET,/api/health,200,0.55,0,33
1766710156,PUT,/api/workspace/,200,5.66,372,414
1766710164,PUT,/api/workspace/,200,5.9,372,414
1766710164,POST,/api/workspace/,405,0.22,372,31
1766710169,GET,/api/health,200,0.63,0,33
1766710187,POST,/api/auth/login,200,21.52,62,409
1766710187,GET,/api/health,200,0.77,0,33
1766710187,GET,/api/health,200,2.11,0,33
1766710187,GET,/api/workspace/,200,4.32,0,414
1766710187,GET,/api/auth/me,200,1.72,0,155
1766710187,GET,/api/health,200,0.63,0,33
1766710187,GET,/api/note_prompts,200,1.64,0,9547
1766710188,GET,/api/workspace/,200,1.67,0,414
1766710189,PUT,/api/workspace/,200,5.9,372,414
1766710199,GET,/api/health,200,0.71,0,33
1766710199,GET,/api/health,200,0.65,0,33
1766710212,PUT,/api/workspace/,200,6.34,372,414
1766710226,PUT,/api/workspace/,200,6.43,372,414
1766710229,GET,/api/health,200,0.82,0,33
1766710229,GET,/api/health,200,0.79,0,33
1766710229,POST,/api/workspace/,405,0.25,372,31
1766710229,PUT,/api/workspace/,200,5.45,372,414
1766710230,GET,/api/qa_config,200,1.33,0,81
1766710230,GET,/api/auth/me,200,1.85,0,155
1766710230,GET,/api/workspace/,200,2.25,0,414
1766710235,PUT,/api/workspace/,200,6.02,172,214
1766710241,POST,/api/workspace/,405,0.24,172,31
1766710242,PUT,/api/workspace/,200,5.44,172,214
1766710242,GET,/api/health,200,0.49,0,33
1766710242,GET,/api/note_prompts,200,2.88,0,9547
1766710242,GET,/api/auth/me,200,3.93,0,155
1766710242,GET,/api/workspace/,200,2.0,0,214
1766710242,GET,/api/health,200,0.61,0,33
1766710272,GET,/api/health,200,0.85,0,33
1766710272,GET,/api/health,200,0.62,0,33
1766710275,PUT,/api/workspace/,200,5.99,367,409
1766710302,GET,/api/health,200,0.6,0,33
1766710302,GET,/api/health,200,0.59,0,33
1766710325,PUT,/api/workspace/,200,5.77,367,409
1766710332,GET,/api/health,200,0.6,0,33
1766710332,GET,/api/health,200,0.59,0,33
1766710362,GET,/api/health,200,0.61,0,33
1766710362,GET,/api/health,200,0.58,0,33
1766710392,GET,/api/health,200,0.61,0,33
1766710392,GET,/api/health,200,0.61,0,33
1766710397,POST,/api/workspace/,405,0.25,367,31
1766710397,PUT,/api/workspace/,200,7.15,367,409
1766718178,GET,/api/health,200,3.03,0,31
1766718185,POST,/api/auth/login,200,27.65,62,409
1766718185,GET,/api/health,200,0.68,0,31
1766718185,GET,/api/health,200,3.61,0,31
1766718185,GET,/api/workspace/,200,5.82,0,409
1766718185,GET,/api/auth/me,200,2.26,0,155
1766718185,GET,/api/health,200,0.69,0,31
1766718185,GET,/api/note_prompts,200,2.75,0,9547
1766718185,GET,/api/workspace/,200,2.12,0,409
1766718189,PUT,/api/workspace/,200,8.55,367,409
1766718190,POST,/api/workspace/clear,200,6.44,0,150
1766718201,PUT,/api/workspace/,200,6.28,397,439
1766718208,GET,/api/health,200,0.62,0,31
1766718208,GET,/api/health,200,0.62,0,31
1766718209,PUT,/api/workspace/,200,5.68,427,469
1766718220,PUT,/api/workspace/,200,6.54,485,527
1766718227,PUT,/api/workspace/,200,5.97,512,554
1766718235,PUT,/api/workspace/,200,5.62,529,571
1766718238,GET,/api/health,200,0.68,0,31
1766718238,GET,/api/health,200,0.8,0,31
1766718247,PUT,/api/workspace/,200,5.37,568,610
1766718254,PUT,/api/workspace/,200,6.06,592,634
1766718268,GET,/api/health,200,0.64,0,32
1766718268,PUT,/api/workspace/,200,7.39,636,678
1766718268,GET,/api/health,200,0.73,0,32
1766718280,PUT,/api/workspace/,200,6.19,677,720
1766718287,PUT,/api/workspace/,200,6.11,701,743
1766718290,PUT,/api/workspace/,200,5.84,710,752
1766718294,POST,/api/generate_stream,200,7.47,785,0
1766718296,PUT,/api/workspace/,200,7.28,708,750
1766718300,GET,/api/health,200,0.68,0,32
1766718300,PUT,/api/workspace/,200,5.58,1046,1088
1766718302,GET,/api/generation/34324dc8d49849c1ad1e85c1eb2b55ee/consult_comment,200,1.94,0,2144
1766718320,POST,/api/generate_stream,200,3.82,786,0
1766718321,PUT,/api/workspace/,200,5.63,708,750
1766718325,GET,/api/health,200,0.61,0,32
1766718325,PUT,/api/workspace/,200,4.96,1038,1080
1766718327,GET,/api/generation/d6f387a7e09a4bd9985487d851b5a4a6/consult_comment,200,1.77,0,3673
1766718328,GET,/api/health,200,0.64,0,32
1766718328,GET,/api/health,200,0.64,0,32
1766718334,PUT,/api/workspace/,200,5.77,1038,1080
1766718358,GET,/api/health,200,0.62,0,32
1766718359,GET,/api/health,200,0.64,0,32
1766718388,GET,/api/health,200,0.68,0,32
1766718389,GET,/api/health,200,0.61,0,32
1766718428,GET,/api/health,200,0.67,0,32
1766718428,GET,/api/health,200,0.43,0,32
1766718488,GET,/api/health,200,1.29,0,32
1766718488,GET,/api/health,200,2.85,0,32
1766718548,GET,/api/health,200,0.76,0,32
1766718548,GET,/api/health,200,0.6,0,32
1766718599,GET,/api/health,200,0.61,0,32
1766718599,GET,/api/health,200,0.52,0,32
1766718602,PUT,/api/workspace/,200,5.74,1038,1080
1766718628,GET,/api/health,200,0.62,0,32
1766718628,GET,/api/health,200,0.59,0,32
1766718631,PUT,/api/workspace/,200,5.99,1038,1080
1766718647,POST,/api/workspace/,405,0.27,1038,31
1766718649,PUT,/api/workspace/,200,6.01,1038,1080
1766719269,GET,/api/health,200,2.3,0,31
1766719277,POST,/api/auth/login,200,27.45,62,409
1766719277,GET,/api/health,200,0.69,0,31
1766719277,GET,/api/health,200,0.7,0,31
1766719277,GET,/api/workspace/,200,6.35,0,1080
1766719277,GET,/api/auth/me,200,6.88,0,155
1766719278,GET,/api/health,200,0.62,0,31
1766719278,GET,/api/workspace/,200,2.19,0,1080
1766719278,GET,/api/note_prompts,200,2.5,0,9547
1766719283,POST,/api/generate_stream,200,7.48,786,0
1766719284,PUT,/api/workspace/,200,8.84,708,750
1766719299,GET,/api/health,200,0.82,0,31
1766719299,PUT,/api/workspace/,200,6.57,2407,2449
1766719299,GET,/api/health,200,0.91,0,31
1766719299,GET,/api/health,200,1.03,0,31
1766719301,GET,/api/generation/f8efee28b1a74dd783d1bc0eec76f781/consult_comment,200,2.47,0,20
1766719304,GET,/api/generation/f8efee28b1a74dd783d1bc0eec76f781/consult_comment,200,1.71,0,20
1766719307,GET,/api/generation/f8efee28b1a74dd783d1bc0eec76f781/consult_comment,200,1.42,0,20
1766719310,GET,/api/generation/f8efee28b1a74dd783d1bc0eec76f781/consult_comment,200,1.51,0,20
1766719313,GET,/api/generation/f8efee28b1a74dd783d1bc0eec76f781/consult_comment,200,1.6,0,4391
1766719329,GET,/api/health,200,0.63,0,32
1766719329,GET,/api/health,200,0.62,0,32
1766719350,POST,/api/generate_stream,200,3.97,785,0
1766719351,PUT,/api/workspace/,200,5.2,708,750
1766719365,GET,/api/health,200,0.57,0,32
1766719366,PUT,/api/workspace/,200,5.99,2574,2616
1766719367,GET,/api/generation/856b06fdec9342b6a54e6a37bdcf7dd8/consult_comment,200,1.64,0,20
1766719370,GET,/api/generation/856b06fdec9342b6a54e6a37bdcf7dd8/consult_comment,200,1.31,0,20
1766719373,GET,/api/generation/856b06fdec9342b6a54e6a37bdcf7dd8/consult_comment,200,1.39,0,20
1766719376,GET,/api/generation/856b06fdec9342b6a54e6a37bdcf7dd8/consult_comment,200,1.46,0,1883
1766719389,GET,/api/health,200,0.81,0,32
1766719389,GET,/api/health,200,0.62,0,32
1766719419,GET,/api/health,200,0.61,0,32
1766719419,GET,/api/health,200,0.6,0,32
1766719427,PUT,/api/workspace/,200,6.01,367,409
1766719427,PUT,/api/workspace/,200,6.24,367,409
1766719428,POST,/api/workspace/clear,200,5.8,0,150
1766719433,PUT,/api/workspace/,200,5.24,366,408
1766719435,POST,/api/auth/logout,204,186.07,2,0
1766766415,GET,/api/health,200,9.45,0,31
1766766422,POST,/api/auth/login,200,34.85,62,409
1766766422,GET,/api/health,200,0.42,0,31
1766766422,GET,/api/health,200,0.35,0,31
1766766422,GET,/api/health,200,3.7,0,31
1766766422,GET,/api/workspace/,200,15.09,0,408
1766766422,GET,/api/auth/me,200,6.06,0,155
1766766422,GET,/api/note_prompts,200,12.46,0,9547
1766766422,GET,/api/workspace/,200,3.64,0,408
1766766427,PUT,/api/workspace/,200,6.66,366,408
1766766445,GET,/api/health,200,0.89,0,31
1766766445,GET,/api/health,200,0.6,0,31
1766766458,PUT,/api/workspace/,200,5.33,366,408
1766766475,GET,/api/health,200,0.6,0,32
1766766475,GET,/api/health,200,0.46,0,32
1766766505,GET,/api/health,200,1.91,0,32
1766766505,GET,/api/health,200,2.74,0,32
1766766535,GET,/api/health,200,2.09,0,32
1766766535,GET,/api/health,200,2.51,0,32
1766766565,GET,/api/health,200,0.69,0,32
1766766565,GET,/api/health,200,0.5,0,32
1766766571,POST,/api/transcribe_diarized,200,4790.76,98160,139
1766766572,PUT,/api/workspace/,200,5.88,508,550
1766766593,POST,/api/ocr,200,1982.86,160454,590
1766766595,GET,/api/health,200,2.42,0,32
1766766595,PUT,/api/workspace/,200,8.02,1068,1110
1766766595,GET,/api/health,200,0.67,0,32
1766766615,PUT,/api/workspace/,200,5.59,1072,1114
1766766619,PUT,/api/workspace/,200,5.19,1068,1110
1766766623,PUT,/api/workspace/,200,5.82,508,550
1766766625,GET,/api/health,200,0.71,0,32
1766766625,PUT,/api/workspace/,200,14.81,62852,62895
1766766625,GET,/api/health,200,0.67,0,32
1766766631,POST,/api/generate_stream,200,25.74,62465,0
1766766680,GET,/api/health,200,0.76,0,32
1766766680,PUT,/api/workspace/,200,29.39,67723,67765
1766766682,GET,/api/generation/080fa45f22114080acedb0acbf429a30/consult_comment,200,1.57,0,20
1766766685,GET,/api/health,200,0.47,0,32
1766766685,GET,/api/generation/080fa45f22114080acedb0acbf429a30/consult_comment,200,1.17,0,20
1766766685,GET,/api/health,200,0.78,0,32
1766766688,GET,/api/generation/080fa45f22114080acedb0acbf429a30/consult_comment,200,1.59,0,20
1766766691,GET,/api/generation/080fa45f22114080acedb0acbf429a30/consult_comment,200,1.31,0,20
1766766694,GET,/api/generation/080fa45f22114080acedb0acbf429a30/consult_comment,200,1.08,0,20
1766766697,GET,/api/generation/080fa45f22114080acedb0acbf429a30/consult_comment,200,1.42,0,20
1766766700,GET,/api/generation/080fa45f22114080acedb0acbf429a30/consult_comment,200,1.58,0,5464
1766766711,PUT,/api/workspace/,200,20.19,67723,67765
1766766715,GET,/api/health,200,0.72,0,32
1766766715,GET,/api/health,200,0.68,0,32
1766766745,GET,/api/health,200,1.93,0,32
1766766745,GET,/api/health,200,3.02,0,32
1766766787,GET,/api/health,200,2.14,0,32
1766766787,GET,/api/health,200,3.0,0,32
1766766805,GET,/api/health,200,0.68,0,32
1766766805,GET,/api/health,200,0.66,0,32
1766766816,PUT,/api/workspace/,200,28.15,67723,67765
1766766835,GET,/api/health,200,1.8,0,32
1766766835,GET,/api/health,200,2.85,0,32
1766766865,GET,/api/health,200,1.95,0,32
1766766865,GET,/api/health,200,2.73,0,32
1766766895,GET,/api/health,200,0.57,0,32
1766766895,GET,/api/health,200,0.6,0,32
1766766924,PUT,/api/workspace/,200,21.87,67723,67765
1766766925,GET,/api/health,200,2.04,0,32
1766766925,GET,/api/health,200,2.63,0,32
1766766933,PUT,/api/workspace/,200,28.21,67723,67765
1766766955,GET,/api/health,200,2.27,0,32
1766766955,GET,/api/health,200,3.86,0,32
1766766985,GET,/api/health,200,2.64,0,32
1766766985,GET,/api/health,200,3.96,0,32
1766767027,GET,/api/health,200,1.4,0,32
1766767027,GET,/api/health,200,1.49,0,32
1766767087,GET,/api/health,200,2.01,0,32
1766767087,GET,/api/health,200,2.38,0,32
1766767147,GET,/api/health,200,0.73,0,32
1766767147,GET,/api/health,200,0.55,0,32
1766767207,GET,/api/health,200,1.87,0,32
1766767207,GET,/api/health,200,3.0,0,32
1766767267,GET,/api/health,200,2.03,0,32
1766767267,GET,/api/health,200,2.45,0,32
1766767327,GET,/api/health,200,2.3,0,32
1766767327,GET,/api/health,200,3.28,0,32
1766767387,GET,/api/health,200,2.2,0,33
1766767387,GET,/api/health,200,3.48,0,33
1766767398,GET,/api/health,200,0.71,0,33
1766767447,GET,/api/health,200,0.62,0,33
1766767447,GET,/api/health,200,0.58,0,33
1766767507,GET,/api/health,200,1.76,0,33
1766767507,GET,/api/health,200,2.54,0,33
1766767567,GET,/api/health,200,1.63,0,33
1766767567,GET,/api/health,200,2.75,0,33
1766767627,GET,/api/health,200,1.91,0,33
1766767627,GET,/api/health,200,3.12,0,33
1766767687,GET,/api/health,200,2.33,0,33
1766767687,GET,/api/health,200,3.37,0,33
1766767747,GET,/api/health,200,2.04,0,33
1766767747,GET,/api/health,200,2.76,0,33
1766767807,GET,/api/health,200,1.83,0,33
1766767807,GET,/api/health,200,2.81,0,33
1766767867,GET,/api/health,200,1.87,0,33
1766767867,GET,/api/health,200,3.05,0,33
1766767927,GET,/api/health,200,0.56,0,33
1766767927,GET,/api/health,200,0.31,0,33
1766767987,GET,/api/health,200,1.75,0,33
1766767987,GET,/api/health,200,3.35,0,33
1766768047,GET,/api/health,200,1.55,0,33
1766768047,GET,/api/health,200,2.92,0,33
1766768107,GET,/api/health,200,0.57,0,33
1766768107,GET,/api/health,200,0.52,0,33
1766768167,GET,/api/health,200,1.07,0,33
1766768167,GET,/api/health,200,0.67,0,33
1766768227,GET,/api/health,200,1.77,0,33
1766768227,GET,/api/health,200,2.7,0,33
1766768261,GET,/api/health,200,2.12,0,33
1766768261,GET,/api/health,200,3.39,0,33
1766768274,PUT,/api/workspace/,200,18.0,67723,67765
1766768276,GET,/api/health,200,3.16,0,33
1766768276,GET,/api/health,200,3.6,0,33
1766768276,POST,/api/auth/logout,204,146.09,2,0
1766768305,GET,/api/health,200,0.67,0,33
1766768335,GET,/api/health,200,0.81,0,33
1766768365,GET,/api/health,200,0.64,0,33
1766768395,GET,/api/health,200,0.62,0,33
1766768425,GET,/api/health,200,0.69,0,33
1766768455,GET,/api/health,200,0.76,0,33
1766768485,GET,/api/health,200,0.78,0,33
1766768515,GET,/api/health,200,0.53,0,33
1766768545,GET,/api/health,200,0.86,0,33
1766768575,GET,/api/health,200,0.67,0,33
1766768605,GET,/api/health,200,0.49,0,33
1766768635,GET,/api/health,200,0.54,0,33
1766768665,GET,/api/health,200,0.47,0,33
1766768695,GET,/api/health,200,0.69,0,33
1766768725,GET,/api/health,200,0.39,0,33
1766768755,GET,/api/health,200,0.71,0,33
1766768785,GET,/api/health,200,0.49,0,33
1766768815,GET,/api/health,200,0.59,0,33
1766768887,GET,/api/health,200,0.48,0,33
1766768947,GET,/api/health,200,0.44,0,33
1766769008,GET,/api/health,200,0.66,0,33
1766769067,GET,/api/health,200,0.68,0,33
1766769128,GET,/api/health,200,0.38,0,33
1766769187,GET,/api/health,200,0.54,0,33
1766769247,GET,/api/health,200,0.63,0,33
1766769307,GET,/api/health,200,0.7,0,33
1766769367,GET,/api/health,200,0.48,0,33
1766769427,GET,/api/health,200,0.59,0,33
